variable,q1,q3,limite_superior,atipicos,pct_atipicos,maximo
n_lineas,509.0,1415.0,2774.0,3817,2.384775423755287,2647164.0
n_visitas,46.0,104.0,191.0,5973,3.7317955478360836,418.0
gasto_total,2063.12,5789.16,11378.22,4372,2.7315268935441748,48321663.59
ticket_promedio,32.81,73.77,135.20999999999998,5628,3.5162473368862344,116157.85
n_categorias_distintas,142.0,249.0,409.5,517,0.32300992771325215,783.0
n_compras_categoria,0.0,6.0,15.0,17814,11.12978501408873,6136.0
n_compras_marca,0.0,2.0,5.0,23292,14.552315737518509,5412.0
n_compras_producto,0.0,0.0,0.0,25122,15.695658421687275,937.0
repeattrips,0.0,1.0,2.5,10427,6.514554190069788,2124.0
