variable,coeficiente,magnitud
market_6,-1.088835237258682,1.088835237258682
n_lineas,1.0500107545162722,1.0500107545162722
chain_306,0.9701541941059689,0.9701541941059689
chain_166,0.940608471996208,0.940608471996208
chain_278,-0.9067801303107572,0.9067801303107572
chain_240,-0.8511749604934641,0.8511749604934641
lineas_por_30d,-0.8454715050030358,0.8454715050030358
chain_48,-0.8372268154924511,0.8372268154924511
chain_8,-0.6208825502405282,0.6208825502405282
category_9909,0.578355347975929,0.578355347975929
chain_104,-0.566659015189196,0.566659015189196
market_96,0.565036332246133,0.565036332246133
category_1703,-0.5527216704024244,0.5527216704024244
brand_7668,-0.5257870578580437,0.5257870578580437
company_107127979,0.5225790642263738,0.5225790642263738
brand_6732,0.5225790642263738,0.5225790642263738
chain_169,-0.4801139723183679,0.4801139723183679
chain_508,-0.4529133985441373,0.4529133985441373
n_compras_marca,-0.44637102069708856,0.44637102069708856
company_105100050,-0.421665659104654,0.421665659104654
brand_13791,-0.421665659104654,0.421665659104654
category_4401,-0.421665659104654,0.421665659104654
chain_18,0.41894226749069763,0.41894226749069763
chain_15,0.40809881684959787,0.40809881684959787
brand_3718,0.4036873049111922,0.4036873049111922
category_2202,0.4036873049111922,0.4036873049111922
chain_134,-0.39868071887405426,0.39868071887405426
gasto_producto,0.3786709388938165,0.3786709388938165
n_marcas_distintas,-0.36190598932845713,0.36190598932845713
n_compras,0.3585278014841961,0.3585278014841961
chain_100,-0.3574731190001638,0.3574731190001638
chain_377,0.35726085364699217,0.35726085364699217
antiguedad_dias,-0.34849011646403133,0.34849011646403133
n_companias_distintas,0.3303707818683242,0.3303707818683242
chain_293,-0.3257517637743026,0.3257517637743026
chain_63,0.3250270681469598,0.3250270681469598
gasto_marca,0.32233145007629765,0.32233145007629765
chain_23,0.31408814142655583,0.31408814142655583
chain_507,-0.30948328709027717,0.30948328709027717
chain_373,0.30928143183849865,0.30928143183849865
chain_24,0.30649630827316626,0.30649630827316626
chain_88,0.3052262599718143,0.3052262599718143
market_93,0.2954381660966981,0.2954381660966981
market_33,-0.29500033104119916,0.29500033104119916
chain_233,0.28871440477812654,0.28871440477812654
chain_184,-0.2704412260070391,0.2704412260070391
chain_4,0.26238825354131884,0.26238825354131884
market_9,-0.25879038439544705,0.25879038439544705
chain_285,-0.2579629720450229,0.2579629720450229
market_18,0.24774322166984958,0.24774322166984958
n_categorias_distintas,-0.2468595630261002,0.2468595630261002
category_infrequent_sklearn,0.24187980095854908,0.24187980095854908
company_infrequent_sklearn,0.24187980095854908,0.24187980095854908
brand_infrequent_sklearn,0.24187980095854908,0.24187980095854908
chain_510,-0.23606692496982298,0.23606692496982298
market_2,-0.2323065044851195,0.2323065044851195
chain_2,0.23223836435880604,0.23223836435880604
chain_68,0.22024479372418654,0.22024479372418654
chain_509,-0.21811971646342027,0.21811971646342027
chain_180,0.20976852216291486,0.20976852216291486
market_28,0.20529502672108185,0.20529502672108185
chain_77,0.19644332768916623,0.19644332768916623
chain_241,-0.1933300386282206,0.1933300386282206
market_14,-0.1906255981381499,0.1906255981381499
chain_64,0.18907758846290323,0.18907758846290323
brand_875,-0.1890147760885918,0.1890147760885918
company_103320030,-0.1890147760885918,0.1890147760885918
category_3509,-0.1890147760885918,0.1890147760885918
chain_205,-0.1819727056766135,0.1819727056766135
ticket_promedio,0.17952886252303038,0.17952886252303038
category_3504,0.17628588582339924,0.17628588582339924
market_8,0.17411430924104926,0.17411430924104926
chain_83,0.17411091093210204,0.17411091093210204
chain_3,0.173987865182714,0.173987865182714
market_11,-0.1737497213934768,0.1737497213934768
chain_101,0.16978743888392145,0.16978743888392145
chain_143,0.16866377549403772,0.16866377549403772
chain_85,0.16437800629106103,0.16437800629106103
n_compras_producto,-0.16256371489383642,0.16256371489383642
compras_por_visita,-0.1609960371215704,0.1609960371215704
market_1,-0.1508264332224909,0.1508264332224909
category_1726,-0.1493512732784423,0.1493512732784423
chain_224,-0.14850256741311194,0.14850256741311194
chain_71,-0.1483015503525755,0.1483015503525755
offervalue,-0.14653889477099688,0.14653889477099688
chain_26,0.14353055300308462,0.14353055300308462
chain_infrequent_sklearn,-0.14294051602671848,0.14294051602671848
market_34,0.1427266652993811,0.1427266652993811
chain_153,0.1322697703014105,0.1322697703014105
chain_187,-0.13167087822438422,0.13167087822438422
market_47,-0.13167087822438422,0.13167087822438422
market_37,0.12416023831610581,0.12416023831610581
chain_151,0.12299565524028577,0.12299565524028577
chain_431,0.12296046344585936,0.12296046344585936
chain_191,0.12241468582348555,0.12241468582348555
chain_192,-0.1222552750368069,0.1222552750368069
company_104460040,-0.1220997529473399,0.1220997529473399
chain_133,0.12184545674777975,0.12184545674777975
market_10,0.12077619279682109,0.12077619279682109
chain_214,0.11763140910956253,0.11763140910956253
chain_46,0.11522156468680243,0.11522156468680243
n_compras_compania_180d,0.11502437691590461,0.11502437691590461
chain_384,0.11326207382554845,0.11326207382554845
company_104610040,-0.11314792114742557,0.11314792114742557
brand_15889,-0.11314792114742557,0.11314792114742557
category_5616,-0.11314792114742557,0.11314792114742557
market_7,0.11064903082166425,0.11064903082166425
market_15,-0.10934824325537522,0.10934824325537522
chain_116,-0.10786159543694117,0.10786159543694117
chain_89,0.1073089096487922,0.1073089096487922
chain_152,-0.10415636064768766,0.10415636064768766
visitas_por_30d,-0.10403846208677323,0.10403846208677323
market_17,-0.10375319519471526,0.10375319519471526
market_20,0.10216507906986297,0.10216507906986297
market_35,0.09765456833368683,0.09765456833368683
gasto_total,0.09621198089656118,0.09621198089656118
chain_206,0.09066048233756098,0.09066048233756098
chain_65,0.09007755163807514,0.09007755163807514
market_26,0.09007755163807514,0.09007755163807514
chain_31,-0.08651946203960605,0.08651946203960605
nunca_compro_marca,-0.08588682428407261,0.08588682428407261
gasto_por_30d,-0.08523291234876358,0.08523291234876358
chain_12,0.08248865948552545,0.08248865948552545
gasto_categoria,0.08242708442213374,0.08242708442213374
market_27,0.08235447063490364,0.08235447063490364
chain_96,0.08235447063490364,0.08235447063490364
n_compras_marca_180d,0.08233080511138872,0.08233080511138872
n_compras_compania,-0.08193312669233235,0.08193312669233235
chain_211,0.08156662545152327,0.08156662545152327
market_24,0.08156662545152327,0.08156662545152327
chain_106,-0.08142912238303932,0.08142912238303932
chain_70,0.07898770688974861,0.07898770688974861
chain_215,0.07704788859166697,0.07704788859166697
company_107717272,-0.07679490180852311,0.07679490180852311
category_5619,-0.07679490180852311,0.07679490180852311
brand_102504,-0.07679490180852311,0.07679490180852311
chain_21,-0.07503836932641669,0.07503836932641669
chain_95,-0.07399670287307096,0.07399670287307096
chain_360,-0.07228308937293706,0.07228308937293706
chain_69,-0.06824781226665573,0.06824781226665573
chain_42,-0.06762235981288932,0.06762235981288932
nunca_compro_producto,0.06704391827939454,0.06704391827939454
market_43,0.06263924044951605,0.06263924044951605
n_descuentos,-0.06204575305445024,0.06204575305445024
proporcion_compras_marca,0.05834059642674062,0.05834059642674062
dias_ultima_compra,-0.05773719836262469,0.05773719836262469
market_16,0.05750942402344278,0.05750942402344278
market_5,-0.05729042304814636,0.05729042304814636
n_visitas,0.05699325761594537,0.05699325761594537
proporcion_compras_categoria,0.05598940478294236,0.05598940478294236
brand_28840,0.055776283743937366,0.055776283743937366
company_1089520383,0.055776283743937366,0.055776283743937366
category_5558,-0.05439182696148392,0.05439182696148392
brand_5072,-0.05439182696148392,0.05439182696148392
company_107120272,-0.05439182696148392,0.05439182696148392
chain_126,-0.05313256096735347,0.05313256096735347
chain_58,-0.050522868718261414,0.050522868718261414
recencia_categoria_relativa,-0.0504501533304468,0.0504501533304468
chain_108,-0.04939950417323745,0.04939950417323745
market_39,0.048417982950268626,0.048417982950268626
chain_17,-0.04250194794673573,0.04250194794673573
n_compras_marca_30d,0.0416635054408018,0.0416635054408018
n_compras_marca_90d,0.03909177405504443,0.03909177405504443
market_4,0.03866313655869656,0.03866313655869656
brand_6926,0.03662895175499532,0.03662895175499532
category_2119,0.03662895175499532,0.03662895175499532
company_108079383,0.03662895175499532,0.03662895175499532
market_23,-0.0341858571482119,0.0341858571482119
chain_40,-0.0341858571482119,0.0341858571482119
chain_98,0.0335922590133393,0.0335922590133393
chain_6,-0.03121811378136886,0.03121811378136886
gasto_compania,0.029959323749051775,0.029959323749051775
n_compras_compania_30d,0.02976374939537288,0.02976374939537288
n_devoluciones,0.02968509953424254,0.02968509953424254
chain_20,0.02816037133595311,0.02816037133595311
n_compras_marca_60d,0.027915143106323467,0.027915143106323467
chain_140,0.027265320555002557,0.027265320555002557
market_45,0.027265320555002557,0.027265320555002557
market_21,0.026812483168093648,0.026812483168093648
market_22,-0.026125081012430017,0.026125081012430017
brand_13474,-0.024966355237995355,0.024966355237995355
company_106414464,-0.024966355237995355,0.024966355237995355
category_3203,-0.024966355237995355,0.024966355237995355
chain_109,-0.024570500882303697,0.024570500882303697
n_compras_categoria_90d,-0.023020528282196164,0.023020528282196164
chain_14,0.022890641117924295,0.022890641117924295
n_compras_categoria_30d,0.022658629254335916,0.022658629254335916
n_compras_categoria_180d,0.02234828953757731,0.02234828953757731
n_compras_compania_90d,-0.019776223675558233,0.019776223675558233
chain_165,0.017515638373567677,0.017515638373567677
proporcion_categoria_30_en_180d,-0.01639129565500634,0.01639129565500634
nunca_compro_categoria,-0.015626539554820247,0.015626539554820247
missingindicator_dias_ultima_compra_categoria,-0.015626539554820247,0.015626539554820247
missingindicator_recencia_categoria_relativa,-0.015626539554820247,0.015626539554820247
chain_16,0.015147793265154353,0.015147793265154353
volumen_extremo,-0.01427178470107346,0.01427178470107346
chain_10,-0.010463141957866883,0.010463141957866883
proporcion_compras_producto,-0.01045688214091857,0.01045688214091857
dias_ultima_compra_categoria,0.009289009575019998,0.009289009575019998
chain_62,-0.00840564920127057,0.00840564920127057
n_compras_compania_60d,0.0069944017554611805,0.0069944017554611805
market_12,0.006225729192598507,0.006225729192598507
nunca_compro_compania,0.003916928836092839,0.003916928836092839
chain_424,0.002859012741053298,0.002859012741053298
n_compras_categoria,0.0011900061875430633,0.0011900061875430633
missingindicator_proporcion_categoria_30_en_180d,0.0007130911237216169,0.0007130911237216169
n_compras_categoria_60d,-0.0005300391234237191,0.0005300391234237191
quantity,0.0,0.0
